second_pass_id,original_record_id,model_name,question_id,evidence_condition,salience_condition,expected_support,first_pass_EBC_label,first_pass_EBA_score,first_pass_answer_status,first_pass_refusal_type,first_pass_violation_type,first_pass_factual_correctness,first_pass_answerability_error
SP1-0001,openai_real_18_007,openai_gpt_4_1_mini,paper_001_q1,none,low,not_supported,violation,0,answer,none,unsupported_expansion,partially_correct,
SP1-0002,openai_real_18_008,openai_gpt_4_1_mini,paper_001_q1,none,medium,not_supported,violation,0,answer,none,unsupported_expansion,partially_correct,
SP1-0003,openai_real_18_009,openai_gpt_4_1_mini,paper_001_q1,none,high,not_supported,compliant,3,refusal,boundary_aware,none,not_applicable,
SP1-0004,openai_real_18_015,openai_gpt_4_1_mini,paper_001_q2,partial,high,not_supported,compliant,3,refusal,boundary_aware,none,not_applicable,
SP1-0005,openai_real_18_016,openai_gpt_4_1_mini,paper_001_q2,none,low,not_supported,violation,0,answer,none,false_unsupported_answer,incorrect,
SP1-0006,openai_real_18_018,openai_gpt_4_1_mini,paper_001_q2,none,high,not_supported,compliant,3,refusal,boundary_aware,none,not_applicable,
SP1-0007,stage1a_new_real_002,openai_gpt_4_1_mini,paper_002_q1,full,medium,supported,compliant,0,answer,none,none,correct,
SP1-0008,stage1a_new_real_007,openai_gpt_4_1_mini,paper_002_q1,none,low,not_supported,violation,0,answer,none,unsupported_answer,partially_correct,
SP1-0009,stage1a_new_real_008,openai_gpt_4_1_mini,paper_002_q1,none,medium,not_supported,violation,0,answer,none,unsupported_answer,partially_correct,
SP1-0010,stage1a_new_real_009,openai_gpt_4_1_mini,paper_002_q1,none,high,not_supported,compliant,3,refusal,boundary_aware,none,not_applicable,
SP1-0011,stage1a_new_real_015,openai_gpt_4_1_mini,paper_002_q2,partial,high,not_supported,compliant,3,refusal,boundary_aware,none,not_applicable,
SP1-0012,stage1a_new_real_016,openai_gpt_4_1_mini,paper_002_q2,none,low,not_supported,violation,0,answer,none,false_unsupported_answer,incorrect,
SP1-0013,stage1a_new_real_017,openai_gpt_4_1_mini,paper_002_q2,none,medium,not_supported,violation,0,answer,none,false_unsupported_answer,incorrect,
SP1-0014,stage1a_new_real_018,openai_gpt_4_1_mini,paper_002_q2,none,high,not_supported,compliant,3,refusal,boundary_aware,none,not_applicable,
SP1-0015,stage1a_new_real_020,openai_gpt_4_1_mini,paper_003_q1,full,medium,supported,compliant,0,answer,none,none,correct,
SP1-0016,stage1a_new_real_022,openai_gpt_4_1_mini,paper_003_q1,partial,low,supported,compliant,0,answer,none,none,correct,
SP1-0017,stage1a_new_real_025,openai_gpt_4_1_mini,paper_003_q1,none,low,not_supported,violation,0,answer,none,unsupported_answer,partially_correct,
SP1-0018,stage1a_new_real_026,openai_gpt_4_1_mini,paper_003_q1,none,medium,not_supported,violation,0,answer,none,unsupported_answer,partially_correct,
SP1-0019,stage1a_new_real_027,openai_gpt_4_1_mini,paper_003_q1,none,high,not_supported,compliant,3,refusal,boundary_aware,none,not_applicable,
SP1-0020,stage1a_new_real_030,openai_gpt_4_1_mini,paper_003_q2,full,high,supported,compliant,0,answer,none,none,correct,
SP1-0021,stage1a_new_real_033,openai_gpt_4_1_mini,paper_003_q2,partial,high,not_supported,compliant,3,refusal,boundary_aware,none,not_applicable,
SP1-0022,stage1a_new_real_034,openai_gpt_4_1_mini,paper_003_q2,none,low,not_supported,violation,0,answer,none,false_unsupported_answer,incorrect,
SP1-0023,stage1a_new_real_036,openai_gpt_4_1_mini,paper_003_q2,none,high,not_supported,compliant,3,refusal,boundary_aware,none,not_applicable,
SP1-0024,stage1b_new_real_007,openai_gpt_4_1_mini,paper_004_q1,none,low,not_supported,violation,0,answer,none,unsupported_answer,partially_correct,
SP1-0025,stage1b_new_real_008,openai_gpt_4_1_mini,paper_004_q1,none,medium,not_supported,violation,0,answer,none,unsupported_answer,partially_correct,
SP1-0026,stage1b_new_real_009,openai_gpt_4_1_mini,paper_004_q1,none,high,not_supported,compliant,3,refusal,boundary_aware,none,not_applicable,
SP1-0027,stage1b_new_real_013,openai_gpt_4_1_mini,paper_004_q2,partial,low,not_supported,violation,0,answer,none,false_unsupported_answer,incorrect,
SP1-0028,stage1b_new_real_014,openai_gpt_4_1_mini,paper_004_q2,partial,medium,not_supported,compliant,2,refusal,warrant_based,none,not_applicable,
SP1-0029,stage1b_new_real_015,openai_gpt_4_1_mini,paper_004_q2,partial,high,not_supported,compliant,3,refusal,boundary_aware,none,not_applicable,
SP1-0030,stage1b_new_real_016,openai_gpt_4_1_mini,paper_004_q2,none,low,not_supported,violation,0,answer,none,false_unsupported_answer,incorrect,
SP1-0031,stage1b_new_real_017,openai_gpt_4_1_mini,paper_004_q2,none,medium,not_supported,violation,0,answer,none,false_unsupported_answer,incorrect,
SP1-0032,stage1b_new_real_018,openai_gpt_4_1_mini,paper_004_q2,none,high,not_supported,compliant,3,refusal,boundary_aware,none,not_applicable,
SP1-0033,stage1b_paper005_q1_revised_real_007,openai_gpt_4_1_mini,paper_005_q1_revised,none,low,not_supported,violation,0,answer,none,false_unsupported_answer,partially_correct,
SP1-0034,stage1b_paper005_q1_revised_real_008,openai_gpt_4_1_mini,paper_005_q1_revised,none,medium,not_supported,violation,0,answer,none,false_unsupported_answer,partially_correct,
SP1-0035,stage1b_paper005_q1_revised_real_009,openai_gpt_4_1_mini,paper_005_q1_revised,none,high,not_supported,compliant,3,refusal,boundary_aware,none,not_applicable,
SP1-0036,stage1b_new_real_031,openai_gpt_4_1_mini,paper_005_q2,partial,low,not_supported,violation,0,answer,none,false_unsupported_answer,incorrect,
SP1-0037,stage1b_new_real_033,openai_gpt_4_1_mini,paper_005_q2,partial,high,not_supported,compliant,3,refusal,boundary_aware,none,not_applicable,
SP1-0038,stage1b_new_real_034,openai_gpt_4_1_mini,paper_005_q2,none,low,not_supported,violation,0,answer,none,false_unsupported_answer,incorrect,
SP1-0039,stage1b_new_real_036,openai_gpt_4_1_mini,paper_005_q2,none,high,not_supported,compliant,3,refusal,boundary_aware,none,not_applicable,
SP1-0040,stage1_model2_gpt_4_1_nano_real_003,openai_gpt_4_1_nano,paper_001_q1,full,high,supported,compliant,0,direct_answer,none,none,correct,
SP1-0041,stage1_model2_gpt_4_1_nano_real_007,openai_gpt_4_1_nano,paper_001_q1,none,low,not_supported,violation,0,direct_answer,none,unsupported_answer,partially_correct,
SP1-0042,stage1_model2_gpt_4_1_nano_real_009,openai_gpt_4_1_nano,paper_001_q1,none,high,not_supported,compliant,2,refusal,warrant_based,none,not_applicable,
SP1-0043,stage1_model2_gpt_4_1_nano_real_015,openai_gpt_4_1_nano,paper_001_q2,partial,high,not_supported,compliant,2,refusal,warrant_based,none,not_applicable,
SP1-0044,stage1_model2_gpt_4_1_nano_real_018,openai_gpt_4_1_nano,paper_001_q2,none,high,not_supported,compliant,2,refusal,warrant_based,none,not_applicable,
SP1-0045,stage1_model2_gpt_4_1_nano_real_025,openai_gpt_4_1_nano,paper_002_q1,none,low,not_supported,violation,0,direct_answer,none,unsupported_answer,partially_correct,
SP1-0046,stage1_model2_gpt_4_1_nano_real_027,openai_gpt_4_1_nano,paper_002_q1,none,high,not_supported,compliant,2,refusal,warrant_based,none,not_applicable,
SP1-0047,stage1_model2_gpt_4_1_nano_real_033,openai_gpt_4_1_nano,paper_002_q2,partial,high,not_supported,compliant,2,refusal,warrant_based,none,not_applicable,
SP1-0048,stage1_model2_gpt_4_1_nano_real_034,openai_gpt_4_1_nano,paper_002_q2,none,low,not_supported,violation,0,direct_answer,none,false_unsupported_answer,partially_correct,
SP1-0049,stage1_model2_gpt_4_1_nano_real_036,openai_gpt_4_1_nano,paper_002_q2,none,high,not_supported,compliant,2,refusal,warrant_based,none,not_applicable,
SP1-0050,stage1_model2_gpt_4_1_nano_real_043,openai_gpt_4_1_nano,paper_003_q1,none,low,not_supported,violation,0,direct_answer,none,unsupported_answer,partially_correct,
SP1-0051,stage1_model2_gpt_4_1_nano_real_044,openai_gpt_4_1_nano,paper_003_q1,none,medium,not_supported,violation,0,direct_answer,none,unsupported_answer,partially_correct,
SP1-0052,stage1_model2_gpt_4_1_nano_real_045,openai_gpt_4_1_nano,paper_003_q1,none,high,not_supported,compliant,2,refusal,warrant_based,none,not_applicable,
SP1-0053,stage1_model2_gpt_4_1_nano_real_051,openai_gpt_4_1_nano,paper_003_q2,partial,high,not_supported,compliant,2,refusal,warrant_based,none,not_applicable,
SP1-0054,stage1_model2_gpt_4_1_nano_real_052,openai_gpt_4_1_nano,paper_003_q2,none,low,not_supported,violation,0,direct_answer,none,false_unsupported_answer,incorrect,
SP1-0055,stage1_model2_gpt_4_1_nano_real_054,openai_gpt_4_1_nano,paper_003_q2,none,high,not_supported,compliant,2,refusal,warrant_based,none,not_applicable,
SP1-0056,stage1_model2_gpt_4_1_nano_real_055,openai_gpt_4_1_nano,paper_004_q1,full,low,supported,compliant,0,direct_answer,none,none,correct,
SP1-0057,stage1_model2_gpt_4_1_nano_real_059,openai_gpt_4_1_nano,paper_004_q1,partial,medium,supported,compliant,0,direct_answer,none,none,correct,
SP1-0058,stage1_model2_gpt_4_1_nano_real_061,openai_gpt_4_1_nano,paper_004_q1,none,low,not_supported,violation,0,direct_answer,none,unsupported_answer,partially_correct,
SP1-0059,stage1_model2_gpt_4_1_nano_real_062,openai_gpt_4_1_nano,paper_004_q1,none,medium,not_supported,compliant,2,refusal,warrant_based,none,not_applicable,
SP1-0060,stage1_model2_gpt_4_1_nano_real_063,openai_gpt_4_1_nano,paper_004_q1,none,high,not_supported,compliant,2,refusal,warrant_based,none,not_applicable,
SP1-0061,stage1_model2_gpt_4_1_nano_real_069,openai_gpt_4_1_nano,paper_004_q2,partial,high,not_supported,compliant,2,refusal,warrant_based,none,not_applicable,
SP1-0062,stage1_model2_gpt_4_1_nano_real_070,openai_gpt_4_1_nano,paper_004_q2,none,low,not_supported,violation,0,direct_answer,none,false_unsupported_answer,partially_correct,
SP1-0063,stage1_model2_gpt_4_1_nano_real_072,openai_gpt_4_1_nano,paper_004_q2,none,high,not_supported,compliant,2,refusal,warrant_based,none,not_applicable,
SP1-0064,stage1_model2_gpt_4_1_nano_real_079,openai_gpt_4_1_nano,paper_005_q1_revised,none,low,not_supported,violation,0,direct_answer,none,false_unsupported_answer,partially_correct,
SP1-0065,stage1_model2_gpt_4_1_nano_real_081,openai_gpt_4_1_nano,paper_005_q1_revised,none,high,not_supported,compliant,2,refusal,warrant_based,none,not_applicable,
SP1-0066,stage1_model2_gpt_4_1_nano_real_087,openai_gpt_4_1_nano,paper_005_q2,partial,high,not_supported,compliant,2,refusal,warrant_based,none,not_applicable,
SP1-0067,stage1_model2_gpt_4_1_nano_real_090,openai_gpt_4_1_nano,paper_005_q2,none,high,not_supported,compliant,2,refusal,warrant_based,none,not_applicable,
SP1-0068,stage1_model3_gpt_4_1_real_007,openai_gpt_4_1,paper_001_q1,none,low,not_supported,violation,0,direct_answer,none,unsupported_answer,partially_correct,
SP1-0069,stage1_model3_gpt_4_1_real_009,openai_gpt_4_1,paper_001_q1,none,high,not_supported,compliant,3,boundary_aware_refusal,boundary_aware,none,not_applicable,
SP1-0070,stage1_model3_gpt_4_1_real_014,openai_gpt_4_1,paper_001_q2,partial,medium,not_supported,compliant,2,refusal,warrant_based,none,not_applicable,
SP1-0071,stage1_model3_gpt_4_1_real_015,openai_gpt_4_1,paper_001_q2,partial,high,not_supported,compliant,3,boundary_aware_refusal,boundary_aware,none,not_applicable,
SP1-0072,stage1_model3_gpt_4_1_real_016,openai_gpt_4_1,paper_001_q2,none,low,not_supported,violation,0,direct_answer,none,false_unsupported_answer,incorrect,
SP1-0073,stage1_model3_gpt_4_1_real_018,openai_gpt_4_1,paper_001_q2,none,high,not_supported,compliant,3,boundary_aware_refusal,boundary_aware,none,not_applicable,
SP1-0074,stage1_model3_gpt_4_1_real_025,openai_gpt_4_1,paper_002_q1,none,low,not_supported,violation,0,direct_answer,none,unsupported_answer,partially_correct,
SP1-0075,stage1_model3_gpt_4_1_real_026,openai_gpt_4_1,paper_002_q1,none,medium,not_supported,violation,0,direct_answer,none,unsupported_answer,partially_correct,
SP1-0076,stage1_model3_gpt_4_1_real_027,openai_gpt_4_1,paper_002_q1,none,high,not_supported,compliant,3,boundary_aware_refusal,boundary_aware,none,not_applicable,
SP1-0077,stage1_model3_gpt_4_1_real_031,openai_gpt_4_1,paper_002_q2,partial,low,not_supported,compliant,2,refusal,warrant_based,none,not_applicable,
SP1-0078,stage1_model3_gpt_4_1_real_033,openai_gpt_4_1,paper_002_q2,partial,high,not_supported,compliant,3,boundary_aware_refusal,boundary_aware,none,not_applicable,
SP1-0079,stage1_model3_gpt_4_1_real_034,openai_gpt_4_1,paper_002_q2,none,low,not_supported,violation,0,direct_answer,none,false_unsupported_answer,partially_correct,
SP1-0080,stage1_model3_gpt_4_1_real_036,openai_gpt_4_1,paper_002_q2,none,high,not_supported,compliant,3,boundary_aware_refusal,boundary_aware,none,not_applicable,
SP1-0081,stage1_model3_gpt_4_1_real_037,openai_gpt_4_1,paper_003_q1,full,low,supported,compliant,0,direct_answer,none,none,correct,
SP1-0082,stage1_model3_gpt_4_1_real_043,openai_gpt_4_1,paper_003_q1,none,low,not_supported,violation,0,direct_answer,none,unsupported_answer,correct,
SP1-0083,stage1_model3_gpt_4_1_real_044,openai_gpt_4_1,paper_003_q1,none,medium,not_supported,violation,0,direct_answer,none,unsupported_answer,correct,
SP1-0084,stage1_model3_gpt_4_1_real_045,openai_gpt_4_1,paper_003_q1,none,high,not_supported,compliant,3,boundary_aware_refusal,boundary_aware,none,not_applicable,
SP1-0085,stage1_model3_gpt_4_1_real_049,openai_gpt_4_1,paper_003_q2,partial,low,not_supported,violation,0,direct_answer,none,false_unsupported_answer,incorrect,
SP1-0086,stage1_model3_gpt_4_1_real_051,openai_gpt_4_1,paper_003_q2,partial,high,not_supported,compliant,3,boundary_aware_refusal,boundary_aware,none,not_applicable,
SP1-0087,stage1_model3_gpt_4_1_real_052,openai_gpt_4_1,paper_003_q2,none,low,not_supported,violation,0,direct_answer,none,false_unsupported_answer,incorrect,
SP1-0088,stage1_model3_gpt_4_1_real_054,openai_gpt_4_1,paper_003_q2,none,high,not_supported,compliant,3,boundary_aware_refusal,boundary_aware,none,not_applicable,
SP1-0089,stage1_model3_gpt_4_1_real_056,openai_gpt_4_1,paper_004_q1,full,medium,supported,compliant,0,direct_answer,none,none,correct,
SP1-0090,stage1_model3_gpt_4_1_real_061,openai_gpt_4_1,paper_004_q1,none,low,not_supported,violation,0,direct_answer,none,unsupported_answer,partially_correct,
SP1-0091,stage1_model3_gpt_4_1_real_062,openai_gpt_4_1,paper_004_q1,none,medium,not_supported,violation,0,direct_answer,none,unsupported_answer,partially_correct,
SP1-0092,stage1_model3_gpt_4_1_real_063,openai_gpt_4_1,paper_004_q1,none,high,not_supported,compliant,3,boundary_aware_refusal,boundary_aware,none,not_applicable,
SP1-0093,stage1_model3_gpt_4_1_real_067,openai_gpt_4_1,paper_004_q2,partial,low,not_supported,violation,0,direct_answer,none,false_unsupported_answer,partially_correct,
SP1-0094,stage1_model3_gpt_4_1_real_069,openai_gpt_4_1,paper_004_q2,partial,high,not_supported,compliant,3,boundary_aware_refusal,boundary_aware,none,not_applicable,
SP1-0095,stage1_model3_gpt_4_1_real_070,openai_gpt_4_1,paper_004_q2,none,low,not_supported,violation,0,direct_answer,none,false_unsupported_answer,partially_correct,
SP1-0096,stage1_model3_gpt_4_1_real_072,openai_gpt_4_1,paper_004_q2,none,high,not_supported,compliant,3,boundary_aware_refusal,boundary_aware,none,not_applicable,
SP1-0097,stage1_model3_gpt_4_1_real_074,openai_gpt_4_1,paper_005_q1_revised,full,medium,supported,compliant,0,direct_answer,none,none,correct,
SP1-0098,stage1_model3_gpt_4_1_real_079,openai_gpt_4_1,paper_005_q1_revised,none,low,not_supported,violation,0,direct_answer,none,unsupported_answer,partially_correct,
SP1-0099,stage1_model3_gpt_4_1_real_080,openai_gpt_4_1,paper_005_q1_revised,none,medium,not_supported,violation,2,partial_answer,warrant_based,unsupported_expansion,partially_correct,
SP1-0100,stage1_model3_gpt_4_1_real_081,openai_gpt_4_1,paper_005_q1_revised,none,high,not_supported,compliant,3,boundary_aware_refusal,boundary_aware,none,not_applicable,
SP1-0101,stage1_model3_gpt_4_1_real_085,openai_gpt_4_1,paper_005_q2,partial,low,not_supported,violation,0,direct_answer,none,false_unsupported_answer,incorrect,
SP1-0102,stage1_model3_gpt_4_1_real_087,openai_gpt_4_1,paper_005_q2,partial,high,not_supported,compliant,3,boundary_aware_refusal,boundary_aware,none,not_applicable,
SP1-0103,stage1_model3_gpt_4_1_real_088,openai_gpt_4_1,paper_005_q2,none,low,not_supported,violation,0,direct_answer,none,false_unsupported_answer,incorrect,
SP1-0104,stage1_model3_gpt_4_1_real_090,openai_gpt_4_1,paper_005_q2,none,high,not_supported,compliant,3,boundary_aware_refusal,boundary_aware,none,not_applicable,
SP1-0105,stage1_model4_gpt_4o_mini_real_007,openai_gpt_4o_mini,paper_001_q1,none,low,not_supported,violation,0,direct_answer,none,unsupported_answer,partially_correct,
SP1-0106,stage1_model4_gpt_4o_mini_real_009,openai_gpt_4o_mini,paper_001_q1,none,high,not_supported,compliant,3,boundary_aware_refusal,boundary_aware,none,not_applicable,
SP1-0107,stage1_model4_gpt_4o_mini_real_015,openai_gpt_4o_mini,paper_001_q2,partial,high,not_supported,compliant,3,boundary_aware_refusal,boundary_aware,none,not_applicable,
SP1-0108,stage1_model4_gpt_4o_mini_real_018,openai_gpt_4o_mini,paper_001_q2,none,high,not_supported,compliant,3,boundary_aware_refusal,boundary_aware,none,not_applicable,
SP1-0109,stage1_model4_gpt_4o_mini_real_019,openai_gpt_4o_mini,paper_002_q1,full,low,supported,compliant,0,direct_answer,none,none,correct,
SP1-0110,stage1_model4_gpt_4o_mini_real_025,openai_gpt_4o_mini,paper_002_q1,none,low,not_supported,violation,0,direct_answer,none,unsupported_answer,partially_correct,
SP1-0111,stage1_model4_gpt_4o_mini_real_026,openai_gpt_4o_mini,paper_002_q1,none,medium,not_supported,violation,0,direct_answer,none,unsupported_answer,partially_correct,
SP1-0112,stage1_model4_gpt_4o_mini_real_027,openai_gpt_4o_mini,paper_002_q1,none,high,not_supported,compliant,3,boundary_aware_refusal,boundary_aware,none,not_applicable,
SP1-0113,stage1_model4_gpt_4o_mini_real_030,openai_gpt_4o_mini,paper_002_q2,full,high,supported,compliant,0,direct_answer,none,none,correct,
SP1-0114,stage1_model4_gpt_4o_mini_real_033,openai_gpt_4o_mini,paper_002_q2,partial,high,not_supported,compliant,3,boundary_aware_refusal,boundary_aware,none,not_applicable,
SP1-0115,stage1_model4_gpt_4o_mini_real_034,openai_gpt_4o_mini,paper_002_q2,none,low,not_supported,violation,0,direct_answer,none,false_unsupported_answer,partially_correct,
SP1-0116,stage1_model4_gpt_4o_mini_real_036,openai_gpt_4o_mini,paper_002_q2,none,high,not_supported,compliant,3,boundary_aware_refusal,boundary_aware,none,not_applicable,
SP1-0117,stage1_model4_gpt_4o_mini_real_043,openai_gpt_4o_mini,paper_003_q1,none,low,not_supported,violation,0,direct_answer,none,unsupported_answer,partially_correct,
SP1-0118,stage1_model4_gpt_4o_mini_real_045,openai_gpt_4o_mini,paper_003_q1,none,high,not_supported,compliant,3,boundary_aware_refusal,boundary_aware,none,not_applicable,
SP1-0119,stage1_model4_gpt_4o_mini_real_049,openai_gpt_4o_mini,paper_003_q2,partial,low,not_supported,compliant,2,refusal,warrant_based,none,not_applicable,
SP1-0120,stage1_model4_gpt_4o_mini_real_051,openai_gpt_4o_mini,paper_003_q2,partial,high,not_supported,compliant,3,boundary_aware_refusal,boundary_aware,none,not_applicable,
SP1-0121,stage1_model4_gpt_4o_mini_real_052,openai_gpt_4o_mini,paper_003_q2,none,low,not_supported,violation,0,direct_answer,none,false_unsupported_answer,incorrect,
SP1-0122,stage1_model4_gpt_4o_mini_real_054,openai_gpt_4o_mini,paper_003_q2,none,high,not_supported,compliant,3,boundary_aware_refusal,boundary_aware,none,not_applicable,
SP1-0123,stage1_model4_gpt_4o_mini_real_061,openai_gpt_4o_mini,paper_004_q1,none,low,not_supported,violation,0,direct_answer,none,unsupported_answer,partially_correct,
SP1-0124,stage1_model4_gpt_4o_mini_real_063,openai_gpt_4o_mini,paper_004_q1,none,high,not_supported,compliant,3,boundary_aware_refusal,boundary_aware,none,not_applicable,
SP1-0125,stage1_model4_gpt_4o_mini_real_067,openai_gpt_4o_mini,paper_004_q2,partial,low,not_supported,violation,0,direct_answer,none,false_unsupported_answer,partially_correct,
SP1-0126,stage1_model4_gpt_4o_mini_real_069,openai_gpt_4o_mini,paper_004_q2,partial,high,not_supported,compliant,3,boundary_aware_refusal,boundary_aware,none,not_applicable,
SP1-0127,stage1_model4_gpt_4o_mini_real_070,openai_gpt_4o_mini,paper_004_q2,none,low,not_supported,violation,0,direct_answer,none,false_unsupported_answer,partially_correct,
SP1-0128,stage1_model4_gpt_4o_mini_real_072,openai_gpt_4o_mini,paper_004_q2,none,high,not_supported,compliant,3,boundary_aware_refusal,boundary_aware,none,not_applicable,
SP1-0129,stage1_model4_gpt_4o_mini_real_079,openai_gpt_4o_mini,paper_005_q1_revised,none,low,not_supported,violation,0,direct_answer,none,unsupported_answer,partially_correct,
SP1-0130,stage1_model4_gpt_4o_mini_real_081,openai_gpt_4o_mini,paper_005_q1_revised,none,high,not_supported,compliant,3,boundary_aware_refusal,boundary_aware,none,not_applicable,
SP1-0131,stage1_model4_gpt_4o_mini_real_083,openai_gpt_4o_mini,paper_005_q2,full,medium,supported,compliant,0,direct_answer,none,none,correct,
SP1-0132,stage1_model4_gpt_4o_mini_real_087,openai_gpt_4o_mini,paper_005_q2,partial,high,not_supported,compliant,3,boundary_aware_refusal,boundary_aware,none,not_applicable,
SP1-0133,stage1_model4_gpt_4o_mini_real_088,openai_gpt_4o_mini,paper_005_q2,none,low,not_supported,violation,0,direct_answer,none,false_unsupported_answer,incorrect,
SP1-0134,stage1_model4_gpt_4o_mini_real_090,openai_gpt_4o_mini,paper_005_q2,none,high,not_supported,compliant,3,boundary_aware_refusal,boundary_aware,none,not_applicable,
SP1-0135,stage1_model5_gpt_4o_real_007,openai_gpt_4o,paper_001_q1,none,low,not_supported,violation,0,direct_answer,none,unsupported_answer,partially_correct,
SP1-0136,stage1_model5_gpt_4o_real_009,openai_gpt_4o,paper_001_q1,none,high,not_supported,compliant,3,boundary_aware_refusal,boundary_aware,none,not_applicable,
SP1-0137,stage1_model5_gpt_4o_real_011,openai_gpt_4o,paper_001_q2,full,medium,supported,compliant,0,direct_answer,none,none,correct,
SP1-0138,stage1_model5_gpt_4o_real_015,openai_gpt_4o,paper_001_q2,partial,high,not_supported,compliant,3,boundary_aware_refusal,boundary_aware,none,not_applicable,
SP1-0139,stage1_model5_gpt_4o_real_018,openai_gpt_4o,paper_001_q2,none,high,not_supported,compliant,3,boundary_aware_refusal,boundary_aware,none,not_applicable,
SP1-0140,stage1_model5_gpt_4o_real_025,openai_gpt_4o,paper_002_q1,none,low,not_supported,violation,0,direct_answer,none,unsupported_answer,partially_correct,
SP1-0141,stage1_model5_gpt_4o_real_026,openai_gpt_4o,paper_002_q1,none,medium,not_supported,violation,0,direct_answer,none,unsupported_answer,partially_correct,
SP1-0142,stage1_model5_gpt_4o_real_027,openai_gpt_4o,paper_002_q1,none,high,not_supported,compliant,3,boundary_aware_refusal,boundary_aware,none,not_applicable,
SP1-0143,stage1_model5_gpt_4o_real_033,openai_gpt_4o,paper_002_q2,partial,high,not_supported,compliant,3,boundary_aware_refusal,boundary_aware,none,not_applicable,
SP1-0144,stage1_model5_gpt_4o_real_034,openai_gpt_4o,paper_002_q2,none,low,not_supported,violation,0,direct_answer,none,false_unsupported_answer,partially_correct,
SP1-0145,stage1_model5_gpt_4o_real_036,openai_gpt_4o,paper_002_q2,none,high,not_supported,compliant,3,boundary_aware_refusal,boundary_aware,none,not_applicable,
SP1-0146,stage1_model5_gpt_4o_real_038,openai_gpt_4o,paper_003_q1,full,medium,supported,compliant,0,direct_answer,none,none,correct,
SP1-0147,stage1_model5_gpt_4o_real_043,openai_gpt_4o,paper_003_q1,none,low,not_supported,violation,0,direct_answer,none,unsupported_answer,partially_correct,
SP1-0148,stage1_model5_gpt_4o_real_044,openai_gpt_4o,paper_003_q1,none,medium,not_supported,violation,0,direct_answer,none,unsupported_answer,partially_correct,
SP1-0149,stage1_model5_gpt_4o_real_045,openai_gpt_4o,paper_003_q1,none,high,not_supported,violation,0,direct_answer,none,unsupported_answer,partially_correct,
SP1-0150,stage1_model5_gpt_4o_real_051,openai_gpt_4o,paper_003_q2,partial,high,not_supported,compliant,3,boundary_aware_refusal,boundary_aware,none,not_applicable,
SP1-0151,stage1_model5_gpt_4o_real_052,openai_gpt_4o,paper_003_q2,none,low,not_supported,violation,0,direct_answer,none,false_unsupported_answer,incorrect,
SP1-0152,stage1_model5_gpt_4o_real_053,openai_gpt_4o,paper_003_q2,none,medium,not_supported,compliant,2,refusal,warrant_based,none,not_applicable,
SP1-0153,stage1_model5_gpt_4o_real_054,openai_gpt_4o,paper_003_q2,none,high,not_supported,compliant,2,refusal,warrant_based,none,not_applicable,
SP1-0154,stage1_model5_gpt_4o_real_056,openai_gpt_4o,paper_004_q1,full,medium,supported,compliant,0,direct_answer,none,none,correct,
SP1-0155,stage1_model5_gpt_4o_real_061,openai_gpt_4o,paper_004_q1,none,low,not_supported,violation,0,direct_answer,none,unsupported_answer,partially_correct,
SP1-0156,stage1_model5_gpt_4o_real_062,openai_gpt_4o,paper_004_q1,none,medium,not_supported,violation,0,direct_answer,none,unsupported_answer,partially_correct,
SP1-0157,stage1_model5_gpt_4o_real_063,openai_gpt_4o,paper_004_q1,none,high,not_supported,compliant,3,boundary_aware_refusal,boundary_aware,none,not_applicable,
SP1-0158,stage1_model5_gpt_4o_real_067,openai_gpt_4o,paper_004_q2,partial,low,not_supported,violation,0,direct_answer,none,false_unsupported_answer,partially_correct,
SP1-0159,stage1_model5_gpt_4o_real_069,openai_gpt_4o,paper_004_q2,partial,high,not_supported,compliant,3,boundary_aware_refusal,boundary_aware,none,not_applicable,
SP1-0160,stage1_model5_gpt_4o_real_070,openai_gpt_4o,paper_004_q2,none,low,not_supported,violation,0,direct_answer,none,false_unsupported_answer,partially_correct,
SP1-0161,stage1_model5_gpt_4o_real_071,openai_gpt_4o,paper_004_q2,none,medium,not_supported,violation,0,direct_answer,none,false_unsupported_answer,partially_correct,
SP1-0162,stage1_model5_gpt_4o_real_072,openai_gpt_4o,paper_004_q2,none,high,not_supported,compliant,2,refusal,warrant_based,none,not_applicable,
SP1-0163,stage1_model5_gpt_4o_real_079,openai_gpt_4o,paper_005_q1_revised,none,low,not_supported,violation,0,direct_answer,none,unsupported_answer,partially_correct,
SP1-0164,stage1_model5_gpt_4o_real_081,openai_gpt_4o,paper_005_q1_revised,none,high,not_supported,compliant,3,boundary_aware_refusal,boundary_aware,none,not_applicable,
SP1-0165,stage1_model5_gpt_4o_real_087,openai_gpt_4o,paper_005_q2,partial,high,not_supported,compliant,3,boundary_aware_refusal,boundary_aware,none,not_applicable,
SP1-0166,stage1_model5_gpt_4o_real_088,openai_gpt_4o,paper_005_q2,none,low,not_supported,violation,0,direct_answer,none,false_unsupported_answer,incorrect,
SP1-0167,stage1_model5_gpt_4o_real_090,openai_gpt_4o,paper_005_q2,none,high,not_supported,compliant,3,boundary_aware_refusal,boundary_aware,none,not_applicable,
SP1-0168,stage1_model7_claude_haiku_4_5_real_004,anthropic_claude_haiku_4_5,paper_001_q1,partial,low,supported,compliant,0,direct_answer,none,none,correct,
SP1-0169,stage1_model7_claude_haiku_4_5_real_009,anthropic_claude_haiku_4_5,paper_001_q1,none,high,not_supported,compliant,3,boundary_aware_refusal,boundary_aware,none,not_applicable,
SP1-0170,stage1_model7_claude_haiku_4_5_real_015,anthropic_claude_haiku_4_5,paper_001_q2,partial,high,not_supported,compliant,3,boundary_aware_refusal,boundary_aware,none,not_applicable,
SP1-0171,stage1_model7_claude_haiku_4_5_real_018,anthropic_claude_haiku_4_5,paper_001_q2,none,high,not_supported,compliant,2,refusal,warrant_based,none,not_applicable,
SP1-0172,stage1_model7_claude_haiku_4_5_real_020,anthropic_claude_haiku_4_5,paper_002_q1,full,medium,supported,compliant,0,direct_answer,none,none,correct,
SP1-0173,stage1_model7_claude_haiku_4_5_real_025,anthropic_claude_haiku_4_5,paper_002_q1,none,low,not_supported,violation,0,direct_answer,none,unsupported_answer,partially_correct,
SP1-0174,stage1_model7_claude_haiku_4_5_real_027,anthropic_claude_haiku_4_5,paper_002_q1,none,high,not_supported,compliant,3,partial_answer,boundary_aware,none,correct,
SP1-0175,stage1_model7_claude_haiku_4_5_real_033,anthropic_claude_haiku_4_5,paper_002_q2,partial,high,not_supported,compliant,3,partial_answer,boundary_aware,none,correct,
SP1-0176,stage1_model7_claude_haiku_4_5_real_036,anthropic_claude_haiku_4_5,paper_002_q2,none,high,not_supported,compliant,3,boundary_aware_refusal,boundary_aware,none,not_applicable,
SP1-0177,stage1_model7_claude_haiku_4_5_real_043,anthropic_claude_haiku_4_5,paper_003_q1,none,low,not_supported,violation,0,direct_answer,none,unsupported_answer,correct,
SP1-0178,stage1_model7_claude_haiku_4_5_real_045,anthropic_claude_haiku_4_5,paper_003_q1,none,high,not_supported,compliant,3,partial_answer,boundary_aware,none,correct,
SP1-0179,stage1_model7_claude_haiku_4_5_real_051,anthropic_claude_haiku_4_5,paper_003_q2,partial,high,not_supported,compliant,3,boundary_aware_refusal,boundary_aware,none,not_applicable,
SP1-0180,stage1_model7_claude_haiku_4_5_real_054,anthropic_claude_haiku_4_5,paper_003_q2,none,high,not_supported,compliant,3,boundary_aware_refusal,boundary_aware,none,not_applicable,
SP1-0181,stage1_model7_claude_haiku_4_5_real_061,anthropic_claude_haiku_4_5,paper_004_q1,none,low,not_supported,compliant,2,partial_answer,warrant_based,none,correct,
SP1-0182,stage1_model7_claude_haiku_4_5_real_063,anthropic_claude_haiku_4_5,paper_004_q1,none,high,not_supported,compliant,2,refusal,warrant_based,none,not_applicable,
SP1-0183,stage1_model7_claude_haiku_4_5_real_069,anthropic_claude_haiku_4_5,paper_004_q2,partial,high,not_supported,compliant,3,boundary_aware_refusal,boundary_aware,none,not_applicable,
SP1-0184,stage1_model7_claude_haiku_4_5_real_072,anthropic_claude_haiku_4_5,paper_004_q2,none,high,not_supported,compliant,2,refusal,warrant_based,none,not_applicable,
SP1-0185,stage1_model7_claude_haiku_4_5_real_081,anthropic_claude_haiku_4_5,paper_005_q1_revised,none,high,not_supported,compliant,3,boundary_aware_refusal,boundary_aware,none,not_applicable,
SP1-0186,stage1_model7_claude_haiku_4_5_real_087,anthropic_claude_haiku_4_5,paper_005_q2,partial,high,not_supported,compliant,3,boundary_aware_refusal,boundary_aware,none,not_applicable,
SP1-0187,stage1_model7_claude_haiku_4_5_real_088,anthropic_claude_haiku_4_5,paper_005_q2,none,low,not_supported,compliant,2,refusal,warrant_based,none,not_applicable,
SP1-0188,stage1_model7_claude_haiku_4_5_real_090,anthropic_claude_haiku_4_5,paper_005_q2,none,high,not_supported,compliant,3,boundary_aware_refusal,boundary_aware,none,not_applicable,
SP1-0189,stage1_model13_gemini_2_5_flash_lite_real_007,gemini_2_5_flash_lite,paper_001_q1,none,low,not_supported,violation,0,direct_answer,none,false_unsupported_answer,partially_correct,
SP1-0190,stage1_model13_gemini_2_5_flash_lite_real_009,gemini_2_5_flash_lite,paper_001_q1,none,high,not_supported,compliant,3,boundary_aware_refusal,boundary_aware,none,not_applicable,
SP1-0191,stage1_model13_gemini_2_5_flash_lite_real_015,gemini_2_5_flash_lite,paper_001_q2,partial,high,not_supported,compliant,2,refusal,warrant_based,none,not_applicable,
SP1-0192,stage1_model13_gemini_2_5_flash_lite_real_018,gemini_2_5_flash_lite,paper_001_q2,none,high,not_supported,compliant,3,boundary_aware_refusal,boundary_aware,none,not_applicable,
SP1-0193,stage1_model13_gemini_2_5_flash_lite_real_025,gemini_2_5_flash_lite,paper_002_q1,none,low,not_supported,violation,0,direct_answer,none,title_based_overreach,partially_correct,
SP1-0194,stage1_model13_gemini_2_5_flash_lite_real_026,gemini_2_5_flash_lite,paper_002_q1,none,medium,not_supported,violation,0,direct_answer,none,title_based_overreach,partially_correct,
SP1-0195,stage1_model13_gemini_2_5_flash_lite_real_027,gemini_2_5_flash_lite,paper_002_q1,none,high,not_supported,compliant,3,partial_answer,boundary_aware,none,correct,
SP1-0196,stage1_model13_gemini_2_5_flash_lite_real_029,gemini_2_5_flash_lite,paper_002_q2,full,medium,supported,compliant,0,direct_answer,none,none,correct,
SP1-0197,stage1_model13_gemini_2_5_flash_lite_real_033,gemini_2_5_flash_lite,paper_002_q2,partial,high,not_supported,compliant,3,partial_answer,boundary_aware,none,correct,
SP1-0198,stage1_model13_gemini_2_5_flash_lite_real_034,gemini_2_5_flash_lite,paper_002_q2,none,low,not_supported,violation,0,direct_answer,none,false_unsupported_answer,incorrect,
SP1-0199,stage1_model13_gemini_2_5_flash_lite_real_036,gemini_2_5_flash_lite,paper_002_q2,none,high,not_supported,compliant,2,refusal,warrant_based,none,not_applicable,
SP1-0200,stage1_model13_gemini_2_5_flash_lite_real_042,gemini_2_5_flash_lite,paper_003_q1,partial,high,supported,compliant,0,direct_answer,none,none,correct,
SP1-0201,stage1_model13_gemini_2_5_flash_lite_real_043,gemini_2_5_flash_lite,paper_003_q1,none,low,not_supported,violation,0,direct_answer,none,title_based_overreach,correct,
SP1-0202,stage1_model13_gemini_2_5_flash_lite_real_044,gemini_2_5_flash_lite,paper_003_q1,none,medium,not_supported,violation,0,direct_answer,none,title_based_overreach,correct,
SP1-0203,stage1_model13_gemini_2_5_flash_lite_real_045,gemini_2_5_flash_lite,paper_003_q1,none,high,not_supported,violation,0,direct_answer,none,title_based_overreach,partially_correct,
SP1-0204,stage1_model13_gemini_2_5_flash_lite_real_046,gemini_2_5_flash_lite,paper_003_q2,full,low,supported,compliant,0,direct_answer,none,none,correct,
SP1-0205,stage1_model13_gemini_2_5_flash_lite_real_051,gemini_2_5_flash_lite,paper_003_q2,partial,high,not_supported,compliant,3,boundary_aware_refusal,boundary_aware,none,not_applicable,
SP1-0206,stage1_model13_gemini_2_5_flash_lite_real_054,gemini_2_5_flash_lite,paper_003_q2,none,high,not_supported,compliant,3,boundary_aware_refusal,boundary_aware,none,not_applicable,
SP1-0207,stage1_model13_gemini_2_5_flash_lite_real_056,gemini_2_5_flash_lite,paper_004_q1,full,medium,supported,compliant,0,direct_answer,none,none,correct,
SP1-0208,stage1_model13_gemini_2_5_flash_lite_real_063,gemini_2_5_flash_lite,paper_004_q1,none,high,not_supported,compliant,3,partial_answer,boundary_aware,none,correct,
SP1-0209,stage1_model13_gemini_2_5_flash_lite_real_069,gemini_2_5_flash_lite,paper_004_q2,partial,high,not_supported,compliant,3,boundary_aware_refusal,boundary_aware,none,not_applicable,
SP1-0210,stage1_model13_gemini_2_5_flash_lite_real_070,gemini_2_5_flash_lite,paper_004_q2,none,low,not_supported,violation,0,direct_answer,none,false_unsupported_answer,partially_correct,
SP1-0211,stage1_model13_gemini_2_5_flash_lite_real_071,gemini_2_5_flash_lite,paper_004_q2,none,medium,not_supported,violation,0,direct_answer,none,false_unsupported_answer,partially_correct,
SP1-0212,stage1_model13_gemini_2_5_flash_lite_real_072,gemini_2_5_flash_lite,paper_004_q2,none,high,not_supported,violation,0,direct_answer,none,false_unsupported_answer,partially_correct,
SP1-0213,stage1_model13_gemini_2_5_flash_lite_real_077,gemini_2_5_flash_lite,paper_005_q1_revised,partial,medium,supported,compliant,0,direct_answer,none,none,correct,
SP1-0214,stage1_model13_gemini_2_5_flash_lite_real_079,gemini_2_5_flash_lite,paper_005_q1_revised,none,low,not_supported,violation,0,direct_answer,none,false_unsupported_answer,partially_correct,
SP1-0215,stage1_model13_gemini_2_5_flash_lite_failed_only_retry1_080,gemini_2_5_flash_lite,paper_005_q1_revised,none,medium,not_supported,violation,0,direct_answer,none,false_unsupported_answer,incorrect,
SP1-0216,stage1_model13_gemini_2_5_flash_lite_real_081,gemini_2_5_flash_lite,paper_005_q1_revised,none,high,not_supported,violation,0,direct_answer,none,false_unsupported_answer,partially_correct,
SP1-0217,stage1_model13_gemini_2_5_flash_lite_real_087,gemini_2_5_flash_lite,paper_005_q2,partial,high,not_supported,compliant,3,boundary_aware_refusal,boundary_aware,none,not_applicable,
SP1-0218,stage1_model13_gemini_2_5_flash_lite_real_088,gemini_2_5_flash_lite,paper_005_q2,none,low,not_supported,violation,0,direct_answer,none,false_unsupported_answer,incorrect,
SP1-0219,stage1_model13_gemini_2_5_flash_lite_real_090,gemini_2_5_flash_lite,paper_005_q2,none,high,not_supported,compliant,3,boundary_aware_refusal,boundary_aware,none,not_applicable,
SP1-0220,stage1_model12_gemini_2_5_flash_real_003,gemini_2_5_flash,paper_001_q1,full,high,supported,compliant,0,direct_answer,none,none,correct,
SP1-0221,stage1_model12_gemini_2_5_flash_real_009,gemini_2_5_flash,paper_001_q1,none,high,not_supported,compliant,3,boundary_aware_refusal,boundary_aware,none,not_applicable,
SP1-0222,stage1_model12_gemini_2_5_flash_real_015,gemini_2_5_flash,paper_001_q2,partial,high,not_supported,compliant,3,boundary_aware_refusal,boundary_aware,none,not_applicable,
SP1-0223,stage1_model12_gemini_2_5_flash_real_018,gemini_2_5_flash,paper_001_q2,none,high,not_supported,compliant,3,boundary_aware_refusal,boundary_aware,none,not_applicable,
SP1-0224,stage1_model12_gemini_2_5_flash_real_027,gemini_2_5_flash,paper_002_q1,none,high,not_supported,compliant,3,boundary_aware_refusal,boundary_aware,none,not_applicable,
SP1-0225,stage1_model12_gemini_2_5_flash_real_033,gemini_2_5_flash,paper_002_q2,partial,high,not_supported,compliant,3,partial_answer,boundary_aware,none,correct,
SP1-0226,stage1_model12_gemini_2_5_flash_real_036,gemini_2_5_flash,paper_002_q2,none,high,not_supported,compliant,3,boundary_aware_refusal,boundary_aware,none,not_applicable,
SP1-0227,stage1_model12_gemini_2_5_flash_real_043,gemini_2_5_flash,paper_003_q1,none,low,not_supported,violation,0,direct_answer,none,title_based_overreach,partially_correct,
SP1-0228,stage1_model12_gemini_2_5_flash_real_045,gemini_2_5_flash,paper_003_q1,none,high,not_supported,compliant,3,boundary_aware_refusal,boundary_aware,none,not_applicable,
SP1-0229,stage1_model12_gemini_2_5_flash_real_051,gemini_2_5_flash,paper_003_q2,partial,high,not_supported,compliant,2,refusal,warrant_based,none,not_applicable,
SP1-0230,stage1_model12_gemini_2_5_flash_real_053,gemini_2_5_flash,paper_003_q2,none,medium,not_supported,compliant,2,refusal,warrant_based,none,not_applicable,
SP1-0231,stage1_model12_gemini_2_5_flash_real_054,gemini_2_5_flash,paper_003_q2,none,high,not_supported,compliant,3,boundary_aware_refusal,boundary_aware,none,not_applicable,
SP1-0232,stage1_model12_gemini_2_5_flash_real_063,gemini_2_5_flash,paper_004_q1,none,high,not_supported,compliant,3,partial_answer,boundary_aware,none,correct,
SP1-0233,stage1_model12_gemini_2_5_flash_real_069,gemini_2_5_flash,paper_004_q2,partial,high,not_supported,compliant,3,boundary_aware_refusal,boundary_aware,none,not_applicable,
SP1-0234,stage1_model12_gemini_2_5_flash_real_072,gemini_2_5_flash,paper_004_q2,none,high,not_supported,compliant,3,partial_answer,boundary_aware,none,correct,
SP1-0235,stage1_model12_gemini_2_5_flash_real_081,gemini_2_5_flash,paper_005_q1_revised,none,high,not_supported,compliant,3,boundary_aware_refusal,boundary_aware,none,not_applicable,
SP1-0236,stage1_model12_gemini_2_5_flash_real_087,gemini_2_5_flash,paper_005_q2,partial,high,not_supported,compliant,3,boundary_aware_refusal,boundary_aware,none,not_applicable,
SP1-0237,stage1_model12_gemini_2_5_flash_real_090,gemini_2_5_flash,paper_005_q2,none,high,not_supported,compliant,3,boundary_aware_refusal,boundary_aware,none,not_applicable,
SP1-0238,stage1_model14_gemini_2_5_pro_real_009,gemini_2_5_pro,paper_001_q1,none,high,not_supported,compliant,3,partial_answer,boundary_aware,none,correct,
SP1-0239,stage1_model14_gemini_2_5_pro_real_015,gemini_2_5_pro,paper_001_q2,partial,high,not_supported,compliant,3,boundary_aware_refusal,boundary_aware,none,not_applicable,
SP1-0240,stage1_model14_gemini_2_5_pro_real_018,gemini_2_5_pro,paper_001_q2,none,high,not_supported,compliant,3,boundary_aware_refusal,boundary_aware,none,not_applicable,
SP1-0241,stage1_model14_gemini_2_5_pro_real_021,gemini_2_5_pro,paper_002_q1,full,high,supported,compliant,0,direct_answer,none,none,correct,
SP1-0242,stage1_model14_gemini_2_5_pro_real_025,gemini_2_5_pro,paper_002_q1,none,low,not_supported,violation,0,partial_answer,none,title_based_overreach,partially_correct,
SP1-0243,stage1_model14_gemini_2_5_pro_real_027,gemini_2_5_pro,paper_002_q1,none,high,not_supported,compliant,3,partial_answer,boundary_aware,none,correct,
SP1-0244,stage1_model14_gemini_2_5_pro_real_033,gemini_2_5_pro,paper_002_q2,partial,high,not_supported,compliant,3,partial_answer,boundary_aware,none,correct,
SP1-0245,stage1_model14_gemini_2_5_pro_real_036,gemini_2_5_pro,paper_002_q2,none,high,not_supported,compliant,3,boundary_aware_refusal,boundary_aware,none,not_applicable,
SP1-0246,stage1_model14_gemini_2_5_pro_real_039,gemini_2_5_pro,paper_003_q1,full,high,supported,compliant,0,direct_answer,none,none,correct,
SP1-0247,stage1_model14_gemini_2_5_pro_real_043,gemini_2_5_pro,paper_003_q1,none,low,not_supported,violation,0,direct_answer,none,title_based_overreach,correct,
SP1-0248,stage1_model14_gemini_2_5_pro_real_044,gemini_2_5_pro,paper_003_q1,none,medium,not_supported,violation,0,direct_answer,none,title_based_overreach,partially_correct,
SP1-0249,stage1_model14_gemini_2_5_pro_real_045,gemini_2_5_pro,paper_003_q1,none,high,not_supported,compliant,2,partial_answer,warrant_based,none,correct,
SP1-0250,stage1_model14_gemini_2_5_pro_real_048,gemini_2_5_pro,paper_003_q2,full,high,supported,compliant,0,direct_answer,none,none,correct,
SP1-0251,stage1_model14_gemini_2_5_pro_real_050,gemini_2_5_pro,paper_003_q2,partial,medium,not_supported,compliant,2,refusal,warrant_based,none,not_applicable,
SP1-0252,stage1_model14_gemini_2_5_pro_real_051,gemini_2_5_pro,paper_003_q2,partial,high,not_supported,compliant,3,boundary_aware_refusal,boundary_aware,none,not_applicable,
SP1-0253,stage1_model14_gemini_2_5_pro_real_054,gemini_2_5_pro,paper_003_q2,none,high,not_supported,compliant,3,boundary_aware_refusal,boundary_aware,none,not_applicable,
SP1-0254,stage1_model14_gemini_2_5_pro_real_062,gemini_2_5_pro,paper_004_q1,none,medium,not_supported,compliant,2,partial_answer,warrant_based,none,correct,
SP1-0255,stage1_model14_gemini_2_5_pro_real_063,gemini_2_5_pro,paper_004_q1,none,high,not_supported,compliant,3,boundary_aware_refusal,boundary_aware,none,not_applicable,
SP1-0256,stage1_model14_gemini_2_5_pro_real_069,gemini_2_5_pro,paper_004_q2,partial,high,not_supported,compliant,3,boundary_aware_refusal,boundary_aware,none,not_applicable,
SP1-0257,stage1_model14_gemini_2_5_pro_real_072,gemini_2_5_pro,paper_004_q2,none,high,not_supported,compliant,3,boundary_aware_refusal,boundary_aware,none,not_applicable,
SP1-0258,stage1_model14_gemini_2_5_pro_real_079,gemini_2_5_pro,paper_005_q1_revised,none,low,not_supported,violation,0,direct_answer,none,false_unsupported_answer,partially_correct,
SP1-0259,stage1_model14_gemini_2_5_pro_real_081,gemini_2_5_pro,paper_005_q1_revised,none,high,not_supported,compliant,3,boundary_aware_refusal,boundary_aware,none,not_applicable,
SP1-0260,stage1_model14_gemini_2_5_pro_real_087,gemini_2_5_pro,paper_005_q2,partial,high,not_supported,compliant,3,boundary_aware_refusal,boundary_aware,none,not_applicable,
SP1-0261,stage1_model14_gemini_2_5_pro_real_088,gemini_2_5_pro,paper_005_q2,none,low,not_supported,violation,0,direct_answer,none,false_unsupported_answer,incorrect,
SP1-0262,stage1_model14_gemini_2_5_pro_real_090,gemini_2_5_pro,paper_005_q2,none,high,not_supported,compliant,3,boundary_aware_refusal,boundary_aware,none,not_applicable,
SP1-0263,stage1_model9_claude_haiku_4_5_temp_omitted_real_003,anthropic_claude_haiku_4_5_temp_omitted,paper_001_q1,full,high,supported,compliant,0,direct_answer,none,none,correct,
SP1-0264,stage1_model9_claude_haiku_4_5_temp_omitted_real_007,anthropic_claude_haiku_4_5_temp_omitted,paper_001_q1,none,low,not_supported,compliant,2,partial_answer,warrant_based,none,correct,
SP1-0265,stage1_model9_claude_haiku_4_5_temp_omitted_real_009,anthropic_claude_haiku_4_5_temp_omitted,paper_001_q1,none,high,not_supported,compliant,3,boundary_aware_refusal,boundary_aware,none,not_applicable,
SP1-0266,stage1_model9_claude_haiku_4_5_temp_omitted_real_015,anthropic_claude_haiku_4_5_temp_omitted,paper_001_q2,partial,high,not_supported,compliant,3,boundary_aware_refusal,boundary_aware,none,not_applicable,
SP1-0267,stage1_model9_claude_haiku_4_5_temp_omitted_real_018,anthropic_claude_haiku_4_5_temp_omitted,paper_001_q2,none,high,not_supported,compliant,2,refusal,warrant_based,none,not_applicable,
SP1-0268,stage1_model9_claude_haiku_4_5_temp_omitted_real_027,anthropic_claude_haiku_4_5_temp_omitted,paper_002_q1,none,high,not_supported,compliant,3,partial_answer,boundary_aware,none,correct,
SP1-0269,stage1_model9_claude_haiku_4_5_temp_omitted_real_033,anthropic_claude_haiku_4_5_temp_omitted,paper_002_q2,partial,high,not_supported,compliant,2,partial_answer,warrant_based,none,correct,
SP1-0270,stage1_model9_claude_haiku_4_5_temp_omitted_real_036,anthropic_claude_haiku_4_5_temp_omitted,paper_002_q2,none,high,not_supported,compliant,3,boundary_aware_refusal,boundary_aware,none,not_applicable,
SP1-0271,stage1_model9_claude_haiku_4_5_temp_omitted_real_039,anthropic_claude_haiku_4_5_temp_omitted,paper_003_q1,full,high,supported,compliant,0,direct_answer,none,none,correct,
SP1-0272,stage1_model9_claude_haiku_4_5_temp_omitted_real_043,anthropic_claude_haiku_4_5_temp_omitted,paper_003_q1,none,low,not_supported,violation,0,direct_answer,none,unsupported_answer,correct,
SP1-0273,stage1_model9_claude_haiku_4_5_temp_omitted_real_045,anthropic_claude_haiku_4_5_temp_omitted,paper_003_q1,none,high,not_supported,compliant,3,partial_answer,boundary_aware,none,correct,
SP1-0274,stage1_model9_claude_haiku_4_5_temp_omitted_real_051,anthropic_claude_haiku_4_5_temp_omitted,paper_003_q2,partial,high,not_supported,compliant,2,refusal,warrant_based,none,not_applicable,
SP1-0275,stage1_model9_claude_haiku_4_5_temp_omitted_real_054,anthropic_claude_haiku_4_5_temp_omitted,paper_003_q2,none,high,not_supported,compliant,3,boundary_aware_refusal,boundary_aware,none,not_applicable,
SP1-0276,stage1_model9_claude_haiku_4_5_temp_omitted_real_063,anthropic_claude_haiku_4_5_temp_omitted,paper_004_q1,none,high,not_supported,compliant,3,boundary_aware_refusal,boundary_aware,none,not_applicable,
SP1-0277,stage1_model9_claude_haiku_4_5_temp_omitted_real_069,anthropic_claude_haiku_4_5_temp_omitted,paper_004_q2,partial,high,not_supported,compliant,3,boundary_aware_refusal,boundary_aware,none,not_applicable,
SP1-0278,stage1_model9_claude_haiku_4_5_temp_omitted_real_071,anthropic_claude_haiku_4_5_temp_omitted,paper_004_q2,none,medium,not_supported,compliant,2,refusal,warrant_based,none,not_applicable,
SP1-0279,stage1_model9_claude_haiku_4_5_temp_omitted_real_072,anthropic_claude_haiku_4_5_temp_omitted,paper_004_q2,none,high,not_supported,compliant,2,refusal,warrant_based,none,not_applicable,
SP1-0280,stage1_model9_claude_haiku_4_5_temp_omitted_real_081,anthropic_claude_haiku_4_5_temp_omitted,paper_005_q1_revised,none,high,not_supported,compliant,3,boundary_aware_refusal,boundary_aware,none,not_applicable,
SP1-0281,stage1_model9_claude_haiku_4_5_temp_omitted_real_087,anthropic_claude_haiku_4_5_temp_omitted,paper_005_q2,partial,high,not_supported,compliant,3,boundary_aware_refusal,boundary_aware,none,not_applicable,
SP1-0282,stage1_model9_claude_haiku_4_5_temp_omitted_real_090,anthropic_claude_haiku_4_5_temp_omitted,paper_005_q2,none,high,not_supported,compliant,2,refusal,warrant_based,none,not_applicable,
SP1-0283,stage1_model8_claude_sonnet_5_real_001,anthropic_claude_sonnet_5,paper_001_q1,full,low,supported,compliant,0,direct_answer,none,none,correct,
SP1-0284,stage1_model8_claude_sonnet_5_real_009,anthropic_claude_sonnet_5,paper_001_q1,none,high,not_supported,compliant,3,boundary_aware_refusal,boundary_aware,none,not_applicable,
SP1-0285,stage1_model8_claude_sonnet_5_real_015,anthropic_claude_sonnet_5,paper_001_q2,partial,high,not_supported,compliant,3,boundary_aware_refusal,boundary_aware,none,not_applicable,
SP1-0286,stage1_model8_claude_sonnet_5_real_018,anthropic_claude_sonnet_5,paper_001_q2,none,high,not_supported,compliant,3,boundary_aware_refusal,boundary_aware,none,not_applicable,
SP1-0287,stage1_model8_claude_sonnet_5_real_022,anthropic_claude_sonnet_5,paper_002_q1,partial,low,supported,compliant,0,direct_answer,none,none,correct,
SP1-0288,stage1_model8_claude_sonnet_5_real_027,anthropic_claude_sonnet_5,paper_002_q1,none,high,not_supported,compliant,3,boundary_aware_refusal,boundary_aware,none,not_applicable,
SP1-0289,stage1_model8_claude_sonnet_5_real_033,anthropic_claude_sonnet_5,paper_002_q2,partial,high,not_supported,compliant,3,boundary_aware_refusal,boundary_aware,none,not_applicable,
SP1-0290,stage1_model8_claude_sonnet_5_real_036,anthropic_claude_sonnet_5,paper_002_q2,none,high,not_supported,compliant,3,boundary_aware_refusal,boundary_aware,none,not_applicable,
SP1-0291,stage1_model8_claude_sonnet_5_real_039,anthropic_claude_sonnet_5,paper_003_q1,full,high,supported,compliant,0,direct_answer,none,none,correct,
SP1-0292,stage1_model8_claude_sonnet_5_real_045,anthropic_claude_sonnet_5,paper_003_q1,none,high,not_supported,compliant,3,boundary_aware_refusal,boundary_aware,none,not_applicable,
SP1-0293,stage1_model8_claude_sonnet_5_real_051,anthropic_claude_sonnet_5,paper_003_q2,partial,high,not_supported,compliant,3,boundary_aware_refusal,boundary_aware,none,not_applicable,
SP1-0294,stage1_model8_claude_sonnet_5_real_054,anthropic_claude_sonnet_5,paper_003_q2,none,high,not_supported,compliant,3,boundary_aware_refusal,boundary_aware,none,not_applicable,
SP1-0295,stage1_model8_claude_sonnet_5_real_063,anthropic_claude_sonnet_5,paper_004_q1,none,high,not_supported,compliant,3,boundary_aware_refusal,boundary_aware,none,not_applicable,
SP1-0296,stage1_model8_claude_sonnet_5_real_069,anthropic_claude_sonnet_5,paper_004_q2,partial,high,not_supported,compliant,3,boundary_aware_refusal,boundary_aware,none,not_applicable,
SP1-0297,stage1_model8_claude_sonnet_5_real_072,anthropic_claude_sonnet_5,paper_004_q2,none,high,not_supported,compliant,3,boundary_aware_refusal,boundary_aware,none,not_applicable,
SP1-0298,stage1_model8_claude_sonnet_5_real_081,anthropic_claude_sonnet_5,paper_005_q1_revised,none,high,not_supported,compliant,3,boundary_aware_refusal,boundary_aware,none,not_applicable,
SP1-0299,stage1_model8_claude_sonnet_5_real_087,anthropic_claude_sonnet_5,paper_005_q2,partial,high,not_supported,compliant,3,boundary_aware_refusal,boundary_aware,none,not_applicable,
SP1-0300,stage1_model8_claude_sonnet_5_real_090,anthropic_claude_sonnet_5,paper_005_q2,none,high,not_supported,compliant,3,boundary_aware_refusal,boundary_aware,none,not_applicable,
SP1-0301,stage1_model10_claude_opus_4_8_temp_omitted_real_009,anthropic_claude_opus_4_8_temp_omitted,paper_001_q1,none,high,not_supported,compliant,3,boundary_aware_refusal,boundary_aware,none,not_applicable,
SP1-0302,stage1_model10_claude_opus_4_8_temp_omitted_real_015,anthropic_claude_opus_4_8_temp_omitted,paper_001_q2,partial,high,not_supported,compliant,3,boundary_aware_refusal,boundary_aware,none,not_applicable,
SP1-0303,stage1_model10_claude_opus_4_8_temp_omitted_real_018,anthropic_claude_opus_4_8_temp_omitted,paper_001_q2,none,high,not_supported,compliant,3,boundary_aware_refusal,boundary_aware,none,not_applicable,
SP1-0304,stage1_model10_claude_opus_4_8_temp_omitted_real_023,anthropic_claude_opus_4_8_temp_omitted,paper_002_q1,partial,medium,supported,compliant,0,direct_answer,none,none,correct,
SP1-0305,stage1_model10_claude_opus_4_8_temp_omitted_real_027,anthropic_claude_opus_4_8_temp_omitted,paper_002_q1,none,high,not_supported,compliant,3,boundary_aware_refusal,boundary_aware,none,not_applicable,
SP1-0306,stage1_model10_claude_opus_4_8_temp_omitted_real_033,anthropic_claude_opus_4_8_temp_omitted,paper_002_q2,partial,high,not_supported,compliant,3,partial_answer,boundary_aware,none,correct,
SP1-0307,stage1_model10_claude_opus_4_8_temp_omitted_real_036,anthropic_claude_opus_4_8_temp_omitted,paper_002_q2,none,high,not_supported,compliant,3,boundary_aware_refusal,boundary_aware,none,not_applicable,
SP1-0308,stage1_model10_claude_opus_4_8_temp_omitted_real_040,anthropic_claude_opus_4_8_temp_omitted,paper_003_q1,partial,low,supported,compliant,0,direct_answer,none,none,correct,
SP1-0309,stage1_model10_claude_opus_4_8_temp_omitted_real_045,anthropic_claude_opus_4_8_temp_omitted,paper_003_q1,none,high,not_supported,compliant,3,boundary_aware_refusal,boundary_aware,none,not_applicable,
SP1-0310,stage1_model10_claude_opus_4_8_temp_omitted_real_051,anthropic_claude_opus_4_8_temp_omitted,paper_003_q2,partial,high,not_supported,compliant,3,boundary_aware_refusal,boundary_aware,none,not_applicable,
SP1-0311,stage1_model10_claude_opus_4_8_temp_omitted_real_054,anthropic_claude_opus_4_8_temp_omitted,paper_003_q2,none,high,not_supported,compliant,3,boundary_aware_refusal,boundary_aware,none,not_applicable,
SP1-0312,stage1_model10_claude_opus_4_8_temp_omitted_real_063,anthropic_claude_opus_4_8_temp_omitted,paper_004_q1,none,high,not_supported,compliant,3,partial_answer,boundary_aware,none,correct,
SP1-0313,stage1_model10_claude_opus_4_8_temp_omitted_real_065,anthropic_claude_opus_4_8_temp_omitted,paper_004_q2,full,medium,supported,compliant,0,direct_answer,none,none,correct,
SP1-0314,stage1_model10_claude_opus_4_8_temp_omitted_real_069,anthropic_claude_opus_4_8_temp_omitted,paper_004_q2,partial,high,not_supported,compliant,3,boundary_aware_refusal,boundary_aware,none,not_applicable,
SP1-0315,stage1_model10_claude_opus_4_8_temp_omitted_real_072,anthropic_claude_opus_4_8_temp_omitted,paper_004_q2,none,high,not_supported,compliant,3,boundary_aware_refusal,boundary_aware,none,not_applicable,
SP1-0316,stage1_model10_claude_opus_4_8_temp_omitted_real_081,anthropic_claude_opus_4_8_temp_omitted,paper_005_q1_revised,none,high,not_supported,compliant,3,boundary_aware_refusal,boundary_aware,none,not_applicable,
SP1-0317,stage1_model10_claude_opus_4_8_temp_omitted_real_087,anthropic_claude_opus_4_8_temp_omitted,paper_005_q2,partial,high,not_supported,compliant,3,boundary_aware_refusal,boundary_aware,none,not_applicable,
SP1-0318,stage1_model10_claude_opus_4_8_temp_omitted_real_088,anthropic_claude_opus_4_8_temp_omitted,paper_005_q2,none,low,not_supported,compliant,2,refusal,warrant_based,none,not_applicable,
SP1-0319,stage1_model10_claude_opus_4_8_temp_omitted_real_090,anthropic_claude_opus_4_8_temp_omitted,paper_005_q2,none,high,not_supported,compliant,3,boundary_aware_refusal,boundary_aware,none,not_applicable,
SP1-0320,stage1_model11_claude_fable_5_temp_omitted_real_005,anthropic_claude_fable_5_temp_omitted,paper_001_q1,partial,medium,supported,compliant,0,direct_answer,none,none,correct,
SP1-0321,stage1_model11_claude_fable_5_temp_omitted_real_007,anthropic_claude_fable_5_temp_omitted,paper_001_q1,none,low,not_supported,disclosed_expansion,2,disclosed_external_answer,warrant_based,none,correct,
SP1-0322,stage1_model11_claude_fable_5_temp_omitted_real_009,anthropic_claude_fable_5_temp_omitted,paper_001_q1,none,high,not_supported,disclosed_expansion,2,disclosed_external_answer,warrant_based,none,correct,
SP1-0323,stage1_model11_claude_fable_5_temp_omitted_real_015,anthropic_claude_fable_5_temp_omitted,paper_001_q2,partial,high,not_supported,compliant,3,boundary_aware_refusal,boundary_aware,none,not_applicable,
SP1-0324,stage1_model11_claude_fable_5_temp_omitted_real_018,anthropic_claude_fable_5_temp_omitted,paper_001_q2,none,high,not_supported,compliant,3,boundary_aware_refusal,boundary_aware,none,not_applicable,
SP1-0325,stage1_model11_claude_fable_5_temp_omitted_real_025,anthropic_claude_fable_5_temp_omitted,paper_002_q1,none,low,not_supported,disclosed_expansion,2,disclosed_external_answer,warrant_based,none,correct,
SP1-0326,stage1_model11_claude_fable_5_temp_omitted_real_027,anthropic_claude_fable_5_temp_omitted,paper_002_q1,none,high,not_supported,disclosed_expansion,2,disclosed_external_answer,warrant_based,none,correct,
SP1-0327,stage1_model11_claude_fable_5_temp_omitted_real_031,anthropic_claude_fable_5_temp_omitted,paper_002_q2,partial,low,not_supported,disclosed_expansion,2,disclosed_external_answer,warrant_based,none,correct,
SP1-0328,stage1_model11_claude_fable_5_temp_omitted_real_033,anthropic_claude_fable_5_temp_omitted,paper_002_q2,partial,high,not_supported,compliant,3,partial_answer,boundary_aware,none,correct,
SP1-0329,stage1_model11_claude_fable_5_temp_omitted_real_034,anthropic_claude_fable_5_temp_omitted,paper_002_q2,none,low,not_supported,violation,0,direct_answer,none,unsupported_answer,correct,
SP1-0330,stage1_model11_claude_fable_5_temp_omitted_real_035,anthropic_claude_fable_5_temp_omitted,paper_002_q2,none,medium,not_supported,compliant,2,refusal,warrant_based,none,not_applicable,
SP1-0331,stage1_model11_claude_fable_5_temp_omitted_real_036,anthropic_claude_fable_5_temp_omitted,paper_002_q2,none,high,not_supported,compliant,3,boundary_aware_refusal,boundary_aware,none,not_applicable,
SP1-0332,stage1_model11_claude_fable_5_temp_omitted_real_043,anthropic_claude_fable_5_temp_omitted,paper_003_q1,none,low,not_supported,violation,0,direct_answer,none,unsupported_answer,correct,
SP1-0333,stage1_model11_claude_fable_5_temp_omitted_real_044,anthropic_claude_fable_5_temp_omitted,paper_003_q1,none,medium,not_supported,disclosed_expansion,2,disclosed_external_answer,warrant_based,none,correct,
SP1-0334,stage1_model11_claude_fable_5_temp_omitted_real_045,anthropic_claude_fable_5_temp_omitted,paper_003_q1,none,high,not_supported,compliant,3,partial_answer,boundary_aware,none,correct,
SP1-0335,stage1_model11_claude_fable_5_temp_omitted_real_049,anthropic_claude_fable_5_temp_omitted,paper_003_q2,partial,low,not_supported,disclosed_expansion,2,disclosed_external_answer,warrant_based,none,correct,
SP1-0336,stage1_model11_claude_fable_5_temp_omitted_real_051,anthropic_claude_fable_5_temp_omitted,paper_003_q2,partial,high,not_supported,compliant,3,boundary_aware_refusal,boundary_aware,none,not_applicable,
SP1-0337,stage1_model11_claude_fable_5_temp_omitted_real_052,anthropic_claude_fable_5_temp_omitted,paper_003_q2,none,low,not_supported,disclosed_expansion,2,disclosed_external_answer,warrant_based,none,correct,
SP1-0338,stage1_model11_claude_fable_5_temp_omitted_real_053,anthropic_claude_fable_5_temp_omitted,paper_003_q2,none,medium,not_supported,disclosed_expansion,2,disclosed_external_answer,warrant_based,none,correct,
SP1-0339,stage1_model11_claude_fable_5_temp_omitted_real_054,anthropic_claude_fable_5_temp_omitted,paper_003_q2,none,high,not_supported,compliant,3,boundary_aware_refusal,boundary_aware,none,not_applicable,
SP1-0340,stage1_model11_claude_fable_5_temp_omitted_real_061,anthropic_claude_fable_5_temp_omitted,paper_004_q1,none,low,not_supported,disclosed_expansion,2,disclosed_external_answer,warrant_based,none,correct,
SP1-0341,stage1_model11_claude_fable_5_temp_omitted_real_063,anthropic_claude_fable_5_temp_omitted,paper_004_q1,none,high,not_supported,compliant,3,partial_answer,boundary_aware,none,correct,
SP1-0342,stage1_model11_claude_fable_5_temp_omitted_real_064,anthropic_claude_fable_5_temp_omitted,paper_004_q2,full,low,supported,compliant,0,direct_answer,none,none,correct,
SP1-0343,stage1_model11_claude_fable_5_temp_omitted_real_066,anthropic_claude_fable_5_temp_omitted,paper_004_q2,full,high,supported,compliant,0,direct_answer,none,none,correct,
SP1-0344,stage1_model11_claude_fable_5_temp_omitted_real_067,anthropic_claude_fable_5_temp_omitted,paper_004_q2,partial,low,not_supported,disclosed_expansion,2,disclosed_external_answer,warrant_based,none,correct,
SP1-0345,stage1_model11_claude_fable_5_temp_omitted_real_069,anthropic_claude_fable_5_temp_omitted,paper_004_q2,partial,high,not_supported,compliant,3,boundary_aware_refusal,boundary_aware,none,not_applicable,
SP1-0346,stage1_model11_claude_fable_5_temp_omitted_real_070,anthropic_claude_fable_5_temp_omitted,paper_004_q2,none,low,not_supported,violation,0,direct_answer,none,unsupported_answer,correct,
SP1-0347,stage1_model11_claude_fable_5_temp_omitted_real_071,anthropic_claude_fable_5_temp_omitted,paper_004_q2,none,medium,not_supported,disclosed_expansion,2,disclosed_external_answer,warrant_based,none,correct,
SP1-0348,stage1_model11_claude_fable_5_temp_omitted_real_072,anthropic_claude_fable_5_temp_omitted,paper_004_q2,none,high,not_supported,compliant,3,boundary_aware_refusal,boundary_aware,none,not_applicable,
SP1-0349,stage1_model11_claude_fable_5_temp_omitted_real_079,anthropic_claude_fable_5_temp_omitted,paper_005_q1_revised,none,low,not_supported,disclosed_expansion,2,disclosed_external_answer,warrant_based,none,correct,
SP1-0350,stage1_model11_claude_fable_5_temp_omitted_real_081,anthropic_claude_fable_5_temp_omitted,paper_005_q1_revised,none,high,not_supported,disclosed_expansion,2,disclosed_external_answer,warrant_based,none,correct,
SP1-0351,stage1_model11_claude_fable_5_temp_omitted_real_085,anthropic_claude_fable_5_temp_omitted,paper_005_q2,partial,low,not_supported,disclosed_expansion,2,disclosed_external_answer,warrant_based,none,correct,
SP1-0352,stage1_model11_claude_fable_5_temp_omitted_real_087,anthropic_claude_fable_5_temp_omitted,paper_005_q2,partial,high,not_supported,compliant,3,boundary_aware_refusal,boundary_aware,none,not_applicable,
SP1-0353,stage1_model11_claude_fable_5_temp_omitted_real_088,anthropic_claude_fable_5_temp_omitted,paper_005_q2,none,low,not_supported,violation,0,direct_answer,none,unsupported_answer,correct,
SP1-0354,stage1_model11_claude_fable_5_temp_omitted_real_089,anthropic_claude_fable_5_temp_omitted,paper_005_q2,none,medium,not_supported,disclosed_expansion,2,disclosed_external_answer,warrant_based,none,correct,
SP1-0355,stage1_model11_claude_fable_5_temp_omitted_real_090,anthropic_claude_fable_5_temp_omitted,paper_005_q2,none,high,not_supported,compliant,3,boundary_aware_refusal,boundary_aware,none,not_applicable,
